{
    "$schema": "https://schema.management.azure.com/schemas/2015-01-01/deploymentTemplate.json#",
    "contentVersion": "1.0.0.0",
    "parameters": {
        "storageAccountNamePrefix": {
            "type": "string"
        },
        "storageAccountType": {
            "type": "string"
        },
        "location": {
            "type": "string",
            "defaultValue": "[resourceGroup().location]"
        }
    },
    "variables": {
        "nestedTemplateUri": "[uri(deployment().properties.templateLink.uri, 'nestedtemplates/storageAccount.json')]"
    },
    "resources": [
        {
            "type": "Microsoft.Resources/deployments",
            "apiVersion": "2016-02-01",
            "name": "nestedDeployment",
            "properties": {
                "mode": "Incremental",
                "templateLink": {
                    "contentVersion": "1.0.0.0",
                    "uri": "[variables('nestedTemplateUri')]"
                },
                "parameters": {
                    "storageAccountNamePrefix": {
                        "value": "[parameters('storageAccountNamePrefix')]"
                    },
                    "storageAccountType": {
                        "value": "[parameters('storageAccountType')]"
                    },
                    "location": {
                        "value": "[parameters('location')]"
                    }
                }
            }
        }
    ],
    "outputs": {
        "storageEndpoint": {
            "type": "string",
            "value": "[reference('nestedDeployment').outputs.storageEndpoint.value]"
        }
    }
}