﻿{
    "$schema":  "https://schema.management.azure.com/schemas/2015-01-01/deploymentTemplate.json#",
    "contentVersion":  "1.0.0.0",
    "parameters":  {
                       "location":  {
                                        "type":  "string",
                                        "defaultValue":  "[resourceGroup().location]",
                                        "metadata":  {
                                                         "description":  "Specify the location for the Azure resources"
                                                     }
                                    },
                       "vmSize":  {
                                      "type":  "string",
                                      "defaultValue":  "Standard_D1_v2",
                                      "metadata":  {
                                                       "description":  "Select the VM Size"
                                                   }
                                  },
                       "vmNamePrefix":  {
                                            "type":  "string",
                                            "metadata":  {
                                                             "description":  "Assign a prefix for the VM name"
                                                         }
                                        },
                       "userName":  {
                                        "type":  "string",
                                        "metadata":  {
                                                         "description":  "Specify the user name for the virtual machine guest OS"
                                                     }
                                    },
                       "pwd":  {
                                   "type":  "securestring",
                                   "metadata":  {
                                                    "description":  "Specify the password for the user account for the virtual machine"
                                                }
                               },
                       "enablePremiumManagement":  {
                                                       "type":  "string",
                                                       "allowedValues":  [
                                                                             "Yes",
                                                                             "No"
                                                                         ],
                                                       "metadata":  {
                                                                        "description":  "Select whether premium management should be enabled or not"
                                                                    }
                                                   },
                       "dnsName":  {
                                       "type":  "string",
                                       "metadata":  {
                                                        "description":  "Specify the DNS name for the managed web app"
                                                    }
                                   },
                       "publicIPAddressName":  {
                                                   "type":  "string",
                                                   "metadata":  {
                                                                    "description":  "Assign a name for the public IP address"
                                                                }
                                               }
                   },
    "variables":  {
                      "applianceInfraResourceGroupId":  "[concat(resourceGroup().id,'-application-resources')]"
                  },
    "resources":  [
                      {
                          "type":  "Microsoft.Solutions/appliances",
                          "name":  "ManagedWebApplication",
                          "apiVersion":  "2016-09-01-preview",
                          "location":  "[resourceGroup().Location]",
                          "kind":  "ServiceCatalog",
                          "properties":  {
                                             "managedResourceGroupId":  "[variables('applianceInfraResourceGroupId')]",
                                             "applianceDefinitionId":  "[concat('/subscriptions/',subscription().subscriptionId,'/resourceGroups/knappliancedef/providers/Microsoft.Solutions/applianceDefinitions/ManagedWebApplication')]",
                                             "parameters":  {
                                                                "userName":  {
                                                                                 "value":  "[parameters('userName')]"
                                                                             },
                                                                "vmNamePrefix":  {
                                                                                     "value":  "[parameters('vmNamePrefix')]"
                                                                                 },
                                                                "enablePremiumManagement":  {
                                                                                                "value":  "[parameters('enablePremiumManagement')]"
                                                                                            },
                                                                "publicIPAddressName":  {
                                                                                            "value":  "[parameters('publicIPAddressName')]"
                                                                                        },
                                                                "vmSize":  {
                                                                               "value":  "[parameters('vmSize')]"
                                                                           },
                                                                "location":  {
                                                                                 "value":  "[parameters('location')]"
                                                                             },
                                                                "pwd":  {
                                                                            "value":  "[parameters('pwd')]"
                                                                        },
                                                                "dnsName":  {
                                                                                "value":  "[parameters('dnsName')]"
                                                                            }
                                                            }
                                         }
                      }
                  ],
    "outputs":  {

                }
}
